epoch,time,train/box_loss,train/cls_loss,train/dfl_loss,metrics/precision(B),metrics/recall(B),metrics/mAP50(B),metrics/mAP50-95(B),val/box_loss,val/cls_loss,val/dfl_loss,lr/pg0,lr/pg1,lr/pg2
1,11.0039,2.74722,3.33096,2.40207,0.10507,0.12283,0.04238,0.01363,2.86807,6.17436,2.7439,0.00031673,0.00031673,0.00031673
2,34.7013,2.53819,2.66406,2.16932,0.04353,0.09659,0.01997,0.00585,3.11918,31.9165,3.66844,0.000643694,0.000643694,0.000643694
3,70.0537,2.5704,2.58086,2.11428,0.08577,0.12493,0.02594,0.00782,3.03456,33.3152,4.31689,0.000964056,0.000964056,0.000964056
4,103.334,2.5422,2.55118,2.17096,0.06994,0.09501,0.01949,0.00595,nan,nan,nan,0.00127782,0.00127782,0.00127782
5,133.955,2.59568,2.56253,2.14153,0.0035,0.10499,0.00193,0.00058,4.0984,inf,28.0893,0.00158498,0.00158498,0.00158498
6,166.386,2.60127,2.5658,2.1197,0.03434,0.00997,0.00349,0.0013,nan,nan,nan,0.00158448,0.00158448,0.00158448
7,192.112,2.54328,2.51499,2.09602,0.00363,0.00157,0.00206,0.00028,nan,nan,nan,0.00156798,0.00156798,0.00156798
8,220.823,2.52243,2.4648,2.07828,0.08891,0.10446,0.03849,0.01181,3.00329,11.3859,2.92472,0.00155148,0.00155148,0.00155148
9,249.516,2.51198,2.5025,2.0753,0.0963,0.14016,0.04869,0.01647,3.04102,6.78641,2.5981,0.00153497,0.00153497,0.00153497
10,276.934,2.50639,2.44912,2.06877,0.07028,0.11969,0.03057,0.00964,2.99268,5.82494,2.56831,0.00151847,0.00151847,0.00151847
11,306.577,2.45936,2.41817,2.05044,0.15027,0.11444,0.05562,0.01809,2.95888,3.79764,2.46388,0.00150197,0.00150197,0.00150197
12,336.509,2.43973,2.44091,2.03712,0.10818,0.13176,0.05855,0.02212,2.746,3.3919,2.36268,0.00148546,0.00148546,0.00148546
13,352.996,2.44651,2.4596,2.03975,0.16953,0.15328,0.08484,0.02687,2.70631,3.00507,2.31963,0.00146896,0.00146896,0.00146896
14,391.11,2.44897,2.42159,2.03018,0.14391,0.15906,0.07186,0.0252,2.68951,2.93963,2.25538,0.00145246,0.00145246,0.00145246
15,414.845,2.39637,2.39402,1.98034,0.16468,0.13386,0.07749,0.02555,2.74382,3.01826,2.29914,0.00143595,0.00143595,0.00143595
16,435.375,2.38186,2.38832,1.95383,0.15573,0.13753,0.07939,0.02783,2.73237,2.80333,2.2082,0.00141945,0.00141945,0.00141945
17,476.98,2.39627,2.37794,1.95534,0.1828,0.17008,0.10609,0.03703,2.61954,2.60732,2.20393,0.00140295,0.00140295,0.00140295
18,520.318,2.40673,2.3681,1.98496,0.19017,0.16876,0.10286,0.03734,2.61852,2.58345,2.18211,0.00138644,0.00138644,0.00138644
19,551.148,2.34942,2.31802,1.97297,0.22969,0.16325,0.1146,0.04048,2.52997,2.58287,2.17278,0.00136994,0.00136994,0.00136994
20,594.359,2.36016,2.33968,1.99463,0.19647,0.17375,0.11653,0.04348,2.5335,2.86531,2.14779,0.00135344,0.00135344,0.00135344
21,652.839,2.31409,2.30309,1.93637,0.2048,0.16273,0.11339,0.04204,2.48759,2.84754,2.09859,0.00133693,0.00133693,0.00133693
22,712.704,2.33375,2.30751,1.92163,0.16784,0.12126,0.08293,0.03072,2.57403,3.04792,2.0452,0.00132043,0.00132043,0.00132043
23,741.755,2.34812,2.30163,1.92573,0.26196,0.15328,0.12498,0.04751,2.45945,2.50446,2.05493,0.00130393,0.00130393,0.00130393
24,766.283,2.3129,2.35687,1.9144,0.1884,0.1685,0.10215,0.03834,2.55048,2.71972,2.08915,0.00128742,0.00128742,0.00128742
25,787.678,2.29283,2.28152,1.89033,0.16017,0.17953,0.07876,0.02473,2.61462,3.01663,2.04682,0.00127092,0.00127092,0.00127092
26,842.964,2.35178,2.30625,1.92865,0.28075,0.19423,0.14493,0.04982,2.51846,2.44813,2.01078,0.00125442,0.00125442,0.00125442
27,870.884,2.26725,2.24112,1.86362,0.27047,0.15748,0.13391,0.05016,2.52657,2.45871,2.02209,0.00123791,0.00123791,0.00123791
28,890.561,2.30194,2.24266,1.88728,0.2593,0.1979,0.15216,0.05714,2.43682,2.39073,1.99363,0.00122141,0.00122141,0.00122141
29,912.333,2.30828,2.24515,1.88664,0.22018,0.18215,0.13962,0.05291,2.47654,2.47822,2.0036,0.00120491,0.00120491,0.00120491
30,931.959,2.26539,2.2542,1.88734,0.23279,0.18793,0.13081,0.04975,2.42723,2.51624,2.02673,0.0011884,0.0011884,0.0011884
31,944.312,2.21528,2.24458,1.85945,0.27246,0.17123,0.13288,0.04828,2.4648,2.48471,2.03522,0.0011719,0.0011719,0.0011719
32,953.621,2.21877,2.25026,1.87069,0.24425,0.13281,0.11088,0.03915,2.50794,2.55579,2.03425,0.0011554,0.0011554,0.0011554
33,972.624,2.25023,2.20708,1.85771,0.27627,0.17638,0.14507,0.05587,2.42846,2.38284,1.98785,0.00113889,0.00113889,0.00113889
34,985.394,2.24248,2.25122,1.88701,0.26009,0.18845,0.14956,0.05882,2.41398,2.42216,2.01065,0.00112239,0.00112239,0.00112239
35,1009.32,2.2342,2.19395,1.84946,0.28689,0.19528,0.16741,0.0636,2.39754,2.37823,1.97568,0.00110589,0.00110589,0.00110589
36,1034.39,2.20243,2.21712,1.8642,0.26826,0.18688,0.15894,0.06073,2.40407,2.43125,1.98099,0.00108938,0.00108938,0.00108938
37,1053.45,2.2281,2.15547,1.83089,0.29371,0.20735,0.16404,0.0638,2.34998,2.33668,1.95266,0.00107288,0.00107288,0.00107288
38,1066.85,2.22127,2.19865,1.84563,0.29935,0.1979,0.1683,0.06453,2.31604,2.40019,1.93073,0.00105638,0.00105638,0.00105638
39,1090.79,2.18757,2.18038,1.85619,0.28684,0.20525,0.18148,0.07271,2.30384,2.27904,1.9296,0.00103987,0.00103987,0.00103987
40,1100.79,2.22017,2.19688,1.84793,0.32844,0.19665,0.18621,0.07434,2.2838,2.27221,1.91092,0.00102337,0.00102337,0.00102337
41,1126.98,2.15006,2.12464,1.82969,0.3149,0.21575,0.19174,0.07786,2.27087,2.25718,1.91348,0.00100687,0.00100687,0.00100687
42,1148.43,2.14141,2.14849,1.81686,0.27961,0.1937,0.16938,0.06491,2.32114,2.29559,1.95577,0.000990365,0.000990365,0.000990365
43,1165.04,2.15466,2.12228,1.79305,0.27892,0.20367,0.16429,0.05932,2.40098,2.35996,1.97569,0.000973861,0.000973861,0.000973861
44,1175.46,2.15372,2.12574,1.78645,0.33734,0.2021,0.18598,0.07482,2.31713,2.29481,1.93598,0.000957358,0.000957358,0.000957358
45,1191.65,2.119,2.13137,1.79131,0.28917,0.2285,0.18761,0.07464,2.2369,2.26477,1.87074,0.000940855,0.000940855,0.000940855
46,1201.76,2.16161,2.10187,1.79582,0.32679,0.2273,0.20164,0.07838,2.26526,2.23276,1.87686,0.000924352,0.000924352,0.000924352
47,1230.24,2.13626,2.11146,1.79345,0.36295,0.21383,0.19881,0.07694,2.30275,2.3736,1.85858,0.000907848,0.000907848,0.000907848
48,1254.57,2.14795,2.09875,1.79064,0.35033,0.20997,0.20153,0.08277,2.22126,2.24109,1.84834,0.000891345,0.000891345,0.000891345
49,1285.56,2.1046,2.06658,1.7651,0.30368,0.22687,0.19737,0.08002,2.343,2.18826,1.91473,0.000874842,0.000874842,0.000874842
50,1302.17,2.10815,2.06242,1.76105,0.34685,0.25617,0.21541,0.08486,2.28403,2.23962,1.84901,0.000858338,0.000858338,0.000858338
51,1312.7,2.08853,2.07956,1.77144,0.33329,0.25354,0.22138,0.08314,2.27543,2.16129,1.88633,0.000841835,0.000841835,0.000841835
52,1330.68,2.06398,2.03552,1.75992,0.36007,0.2399,0.23317,0.09955,2.15289,2.11712,1.84806,0.000825332,0.000825332,0.000825332
53,1342,2.07401,2.04271,1.76056,0.35493,0.2559,0.23209,0.09345,2.17482,2.2156,1.82311,0.000808828,0.000808828,0.000808828
54,1360.18,2.0963,2.05039,1.76253,0.33565,0.23097,0.2077,0.08472,2.24248,2.24059,1.87325,0.000792325,0.000792325,0.000792325
55,1370.8,2.05983,2.00049,1.75118,0.37012,0.26142,0.24717,0.10785,2.13434,2.07586,1.79532,0.000775822,0.000775822,0.000775822
56,1394.34,2.03722,2.02087,1.75156,0.39254,0.25722,0.26279,0.11257,2.12426,2.05796,1.79516,0.000759318,0.000759318,0.000759318
57,1423.41,2.05439,1.98028,1.72315,0.35107,0.25197,0.22349,0.08578,2.26227,2.27684,1.84055,0.000742815,0.000742815,0.000742815
58,1448.34,2.07684,2.01023,1.7625,0.39838,0.27769,0.26647,0.10805,2.12863,2.09196,1.78181,0.000726312,0.000726312,0.000726312
59,1473.79,2.03998,1.94996,1.72563,0.3962,0.26194,0.26015,0.10479,2.18224,2.108,1.80719,0.000709809,0.000709809,0.000709809
60,1499.08,2.06381,1.91783,1.71621,0.39046,0.27139,0.26307,0.11219,2.15014,2.10694,1.77819,0.000693305,0.000693305,0.000693305
61,1525.22,2.01786,1.9623,1.71464,0.41048,0.29711,0.28466,0.12588,2.08386,2.01863,1.75673,0.000676802,0.000676802,0.000676802
62,1551.77,1.97694,1.93937,1.70653,0.40328,0.29239,0.28002,0.12249,2.07012,1.97829,1.74483,0.000660299,0.000660299,0.000660299
63,1569.53,2.0177,1.90469,1.68498,0.38799,0.29764,0.2816,0.1185,2.09547,2.03722,1.75469,0.000643795,0.000643795,0.000643795
64,1580.48,1.97438,1.84772,1.66885,0.44943,0.29764,0.3079,0.13721,2.04735,1.94519,1.74083,0.000627292,0.000627292,0.000627292
65,1603.38,1.95969,1.88402,1.68117,0.4397,0.32283,0.31247,0.13804,2.04956,1.95097,1.72583,0.000610789,0.000610789,0.000610789
66,1626.36,1.9498,1.85913,1.69292,0.42395,0.31706,0.32557,0.14763,1.99667,1.90068,1.71028,0.000594286,0.000594286,0.000594286
67,1655.1,1.95676,1.88912,1.70255,0.42836,0.30289,0.30009,0.13277,2.07132,1.97325,1.74192,0.000577782,0.000577782,0.000577782
68,1679.93,1.93426,1.81328,1.64732,0.45762,0.30761,0.30787,0.12734,2.05354,2.03338,1.71023,0.000561279,0.000561279,0.000561279
69,1697.04,1.90985,1.81889,1.62706,0.45614,0.30026,0.31414,0.14631,1.95797,1.92852,1.70986,0.000544776,0.000544776,0.000544776
70,1709.16,1.93671,1.82749,1.66619,0.47728,0.30709,0.31397,0.14941,1.98477,1.90933,1.69992,0.000528272,0.000528272,0.000528272
71,1735.48,1.90706,1.74777,1.6319,0.49887,0.33806,0.35737,0.16795,1.95561,1.85324,1.66272,0.000511769,0.000511769,0.000511769
72,1757.77,1.92919,1.80671,1.66736,0.46472,0.35853,0.37393,0.1779,1.92806,1.81652,1.65782,0.000495266,0.000495266,0.000495266
73,1780.64,1.90512,1.77923,1.64415,0.5261,0.35276,0.38122,0.18637,1.89485,1.78366,1.63475,0.000478762,0.000478762,0.000478762
74,1803.12,1.85831,1.73354,1.61603,0.48709,0.36291,0.37946,0.1805,1.9156,1.77373,1.63569,0.000462259,0.000462259,0.000462259
75,1829.27,1.91349,1.7396,1.65602,0.44372,0.35131,0.35601,0.16895,1.92804,1.80055,1.65139,0.000445756,0.000445756,0.000445756
76,1838.78,1.89217,1.72383,1.61177,0.52244,0.3748,0.40326,0.19584,1.88349,1.74204,1.62573,0.000429253,0.000429253,0.000429253
77,1864.31,1.85762,1.7074,1.59821,0.53034,0.35276,0.38686,0.18733,1.88439,1.75456,1.64214,0.000412749,0.000412749,0.000412749
78,1886.72,1.87292,1.7191,1.61157,0.53278,0.3601,0.38778,0.18014,1.92338,1.79444,1.65203,0.000396246,0.000396246,0.000396246
79,1903.97,1.85158,1.70248,1.59129,0.53855,0.37533,0.4048,0.20132,1.85922,1.73788,1.60733,0.000379743,0.000379743,0.000379743
80,1916.06,1.83035,1.68688,1.59749,0.5379,0.38898,0.42921,0.21561,1.81487,1.67107,1.58509,0.000363239,0.000363239,0.000363239
81,1941.03,1.79632,1.65512,1.56578,0.51266,0.40052,0.41986,0.20329,1.83752,1.69941,1.5828,0.000346736,0.000346736,0.000346736
82,1959.34,1.79676,1.66254,1.57747,0.57114,0.40525,0.44407,0.22497,1.79239,1.63172,1.57457,0.000330233,0.000330233,0.000330233
83,1970.66,1.78298,1.64133,1.57209,0.55165,0.414,0.44788,0.22422,1.79737,1.63042,1.56418,0.000313729,0.000313729,0.000313729
84,1988.29,1.79124,1.64134,1.57162,0.56204,0.41902,0.44794,0.22577,1.77571,1.61308,1.56102,0.000297226,0.000297226,0.000297226
85,1999.36,1.80357,1.61238,1.56472,0.5482,0.42362,0.45056,0.22352,1.79699,1.62285,1.56461,0.000280723,0.000280723,0.000280723
86,2023.79,1.79358,1.59923,1.55565,0.55551,0.43255,0.46725,0.23931,1.75518,1.601,1.54468,0.00026422,0.00026422,0.00026422
87,2047.09,1.75514,1.58122,1.54596,0.58622,0.44249,0.49755,0.26286,1.70238,1.54158,1.51489,0.000247716,0.000247716,0.000247716
88,2074.28,1.70899,1.53801,1.5018,0.57849,0.43082,0.49091,0.25669,1.72794,1.53371,1.52422,0.000231213,0.000231213,0.000231213
89,2092.66,1.72143,1.54429,1.52795,0.56641,0.44042,0.48858,0.25612,1.72343,1.54308,1.51378,0.00021471,0.00021471,0.00021471
90,2103.22,1.68793,1.5018,1.502,0.63125,0.45291,0.51327,0.27319,1.67781,1.48653,1.49215,0.000198206,0.000198206,0.000198206
91,2142.08,1.90976,1.82292,1.64247,0.60654,0.42564,0.48318,0.25426,1.70226,1.57278,1.51384,0.000181703,0.000181703,0.000181703
92,2161.74,1.82598,1.70367,1.59143,0.58439,0.42662,0.48446,0.24975,1.72515,1.58674,1.52994,0.0001652,0.0001652,0.0001652
93,2188.31,1.77864,1.6056,1.58408,0.57664,0.44759,0.49138,0.24822,1.74166,1.57475,1.5308,0.000148696,0.000148696,0.000148696
94,2209.32,1.77671,1.58149,1.5694,0.60393,0.44094,0.49933,0.26042,1.7028,1.5163,1.50169,0.000132193,0.000132193,0.000132193
95,2234.78,1.70388,1.53896,1.52305,0.61926,0.46089,0.52184,0.28157,1.65581,1.46024,1.47607,0.00011569,0.00011569,0.00011569
96,2258.59,1.6949,1.53245,1.52016,0.61137,0.47349,0.52713,0.28005,1.67807,1.46662,1.48207,9.91865e-05,9.91865e-05,9.91865e-05
97,2279.79,1.70765,1.50038,1.53135,0.60543,0.47604,0.52892,0.28447,1.66612,1.45739,1.47608,8.26832e-05,8.26832e-05,8.26832e-05
98,2303.34,1.67374,1.46724,1.52477,0.6146,0.48451,0.54042,0.29296,1.63595,1.43618,1.46097,6.61799e-05,6.61799e-05,6.61799e-05
99,2330.71,1.66811,1.47976,1.50876,0.62952,0.49344,0.54937,0.29974,1.61811,1.42184,1.45166,4.96766e-05,4.96766e-05,4.96766e-05
100,2355.7,1.65488,1.45619,1.49947,0.63777,0.49186,0.55554,0.30498,1.61376,1.40433,1.44697,3.31733e-05,3.31733e-05,3.31733e-05
